{
    "ActionSound": "",
    "AutoUnlock": true,
    "Cards": [
        "{\n    \"UnitsInDeck\": 3,\n    \"Card\": \"intercept\"\n}",
        "{\n    \"UnitsInDeck\": 3,\n    \"Card\": \"pommel\"\n}",
        "{\n    \"UnitsInDeck\": 2,\n    \"Card\": \"maul\"\n}",
        "{\n    \"UnitsInDeck\": 2,\n    \"Card\": \"provoke\"\n}",
        "{\n    \"UnitsInDeck\": 2,\n    \"Card\": \"shieldbreaker\"\n}",
        "{\n    \"UnitsInDeck\": 2,\n    \"Card\": \"guard\"\n}",
        "{\n    \"UnitsInDeck\": 1,\n    \"Card\": \"icebreakermolebuster\"\n}"
    ],
    "ChallengePack0": "defender",
    "ChallengePack1": "destroyer",
    "ChallengePack2": "guardian",
    "ChallengePack3": "marauder",
    "ChallengePack4": "commander",
    "ChallengePack5": "marauder",
    "ChallengePack6": "warlord",
    "CharacterDescription": "After graendors defeat at the armory, Graendor soon found himself amidst the rubble of the area surrounding him. Although alive he was close to the end of his life, when he was then found by an innkeeper nearby and given a second chance. Upon awaking and witnessing the innkeeper's hospitality firsthand changed something in him, although he was a monster with his fearsome looks and demenor; someone still gave him another chance. He'll never let that hospitality go to waste, nor will he EVER let it die out...And he'll do it having the title he was known as amongst the dragonkind \"The Icebreaker\".",
    "CharacterDescriptionStrength": "A warrior that succeeds at applying chill and crack, resulting in high blunt damage.",
    "CharacterName": "Graendor",
    "Energy": 1,
    "EnergyTurn": 3,
    "Female": false,
    "FluffOffsetX": 0,
    "FluffOffsetY": 3.40000009536743,
    "HeroClass": "warrior",
    "HeroClassSecondary": "none",
    "HitSound": "Nevermoor",
    "HP": 120,
    "ID": "icebreaker",
    "Item": "icebreakergraendorshammer",
    "MaxHP": [
        5,
        10,
        10,
        10,
        10
    ],
    "OrderInList": 5,
    "ResistSlashing": 17,
    "ResistBlunt": 17,
    "ResistPiercing": 10,
    "ResistFire": -10,
    "ResistCold": 36,
    "ResistLightning": -10,
    "ResistHoly": -5,
    "ResistShadow": 17,
    "ResistMind": 10,
    "Speed": 11,
    "SpriteBorderLocked": "graendorSilueta",
    "StickerBase": "",
    "StickerAngry": "",
    "StickerIndifferent": "",
    "StickerLove": "",
    "StickerSurprise": "",
    "StickerOffsetX": 0.100000001490116,
    "SubclassName": "Icebreaker",
    "Trait0": "icebreakertrait0",
    "Trait1A": "icebreakertrait1a",
    "Trait1B": "icebreakertrait1b",
    "Trait2A": "icebreakertrait2a",
    "Trait2B": "icebreakertrait2b",
    "Trait3A": "icebreakertrait3a",
    "Trait3B": "icebreakertrait3b",
    "Trait4A": "icebreakertrait4a",
    "Trait4B": "icebreakertrait4b",
    "CardsSingularity": [
        "icebreakermolebuster",
        "intercept",
        "pommel",
        "maul",
        "provoke",
        "shieldbreaker",
        "guard",
        "leapslam",
        "steelskin",
        "skullsplitter",
        "groundslam",
        "barricade",
        "helpinghand",
        "heavystrike",
        "headbutt"
    ]
}